{
  "CIDEr": 0.15445733145900595,
  "SPICE": 0.12546204717427986,
  "CLIPScore": 29.698036193847656
}