{
  "CIDEr": 0.7525744794116086,
  "SPICE": 0.4643143544506816,
  "CLIPScore": 31.602291107177734
}