{
  "CIDEr": 0.0006631707625097974,
  "SPICE": 0.014597567728997774,
  "BLEU-1": 0.1003272910372545,
  "BLEU-2": 0.024214303792368178,
  "BLEU-3": 0.005770772080363408,
  "BLEU-4": 0.001893816046707126,
  "METEOR": 0.03404480218708287,
  "ROUGE-L": 0.08116651259943986,
  "CLIPScore": 16.805219650268555,
  "avg_prediction_length": 51.16403785488959,
  "avg_target_length": 37.69085173501577
}