{
  "CIDEr": 0.7582939175338506,
  "SPICE": 0.47916266039151717,
  "CLIPScore": 29.90267562866211,
  "BLEU-1": 0.6273735273734838,
  "BLEU-2": 0.5429500865028033,
  "BLEU-3": 0.4745925389503784,
  "BLEU-4": 0.4169676218065288,
  "METEOR": 0.3386017915407816,
  "ROUGE-L": 0.6171386260117269,
  "avg_prediction_length": 43.333333333333336,
  "avg_target_length": 38.45645645645646
}
